first_day_of_month,unemployment_rate,state
2019-01-01,3.7,Alabama
2019-02-01,3.6,Alabama
2019-03-01,3.4,Alabama
2019-04-01,3.2,Alabama
2019-05-01,3.1,Alabama
2019-06-01,2.9,Alabama
2019-07-01,2.9,Alabama
2019-08-01,2.9,Alabama
2019-09-01,2.9,Alabama
2019-10-01,3.0,Alabama
2019-11-01,3.1,Alabama
2019-12-01,3.2,Alabama
2020-01-01,3.3,Alabama
2020-02-01,3.4,Alabama
2020-03-01,3.6,Alabama
2020-04-01,13.7,Alabama
2020-05-01,10.4,Alabama
2020-06-01,8.7,Alabama
2020-07-01,7.7,Alabama
2020-08-01,6.6,Alabama
2020-09-01,6.1,Alabama
2020-10-01,5.3,Alabama
2020-11-01,4.8,Alabama
2020-12-01,4.4,Alabama
2021-01-01,4.0,Alabama
2021-02-01,3.8,Alabama
2021-03-01,3.7,Alabama
2021-04-01,3.6,Alabama
2021-05-01,3.6,Alabama
2021-06-01,3.5,Alabama
2021-07-01,3.4,Alabama
2021-08-01,3.3,Alabama
2021-09-01,3.2,Alabama
2021-10-01,3.1,Alabama
2021-11-01,3.1,Alabama
2021-12-01,3.1,Alabama
2022-01-01,3.1,Alabama
2022-02-01,3.0,Alabama
2022-03-01,2.9,Alabama
2022-04-01,2.8,Alabama
2022-05-01,2.7,Alabama
2022-06-01,2.6,Alabama
2022-07-01,2.6,Alabama
2022-08-01,2.6,Alabama
2022-09-01,2.6,Alabama
2022-10-01,2.7,Alabama
2022-11-01,2.7,Alabama
2022-12-01,2.8,Alabama
2019-01-01,5.8,Alaska
2019-02-01,5.7,Alaska
2019-03-01,5.6,Alaska
2019-04-01,5.5,Alaska
2019-05-01,5.5,Alaska
2019-06-01,5.5,Alaska
2019-07-01,5.5,Alaska
2019-08-01,5.5,Alaska
2019-09-01,5.4,Alaska
2019-10-01,5.3,Alaska
2019-11-01,5.2,Alaska
2019-12-01,5.2,Alaska
2020-01-01,5.2,Alaska
2020-02-01,5.2,Alaska
2020-03-01,5.2,Alaska
2020-04-01,11.9,Alaska
2020-05-01,11.9,Alaska
2020-06-01,11.3,Alaska
2020-07-01,11.2,Alaska
2020-08-01,7.8,Alaska
2020-09-01,7.7,Alaska
2020-10-01,7.3,Alaska
2020-11-01,7.2,Alaska
2020-12-01,7.3,Alaska
2021-01-01,7.1,Alaska
2021-02-01,7.0,Alaska
2021-03-01,7.0,Alaska
2021-04-01,7.0,Alaska
2021-05-01,6.8,Alaska
2021-06-01,6.8,Alaska
2021-07-01,6.5,Alaska
2021-08-01,6.3,Alaska
2021-09-01,5.9,Alaska
2021-10-01,5.7,Alaska
2021-11-01,5.5,Alaska
2021-12-01,5.5,Alaska
2022-01-01,5.6,Alaska
2022-02-01,5.3,Alaska
2022-03-01,4.9,Alaska
2022-04-01,4.8,Alaska
2022-05-01,4.6,Alaska
2022-06-01,4.6,Alaska
2022-07-01,4.5,Alaska
2022-08-01,4.6,Alaska
2022-09-01,4.4,Alaska
2022-10-01,4.5,Alaska
2022-11-01,4.5,Alaska
2022-12-01,4.3,Alaska
2019-01-01,5.0,Arizona
2019-02-01,4.9,Arizona
2019-03-01,4.9,Arizona
2019-04-01,4.8,Arizona
2019-05-01,4.8,Arizona
2019-06-01,4.8,Arizona
2019-07-01,4.8,Arizona
2019-08-01,4.9,Arizona
2019-09-01,4.8,Arizona
2019-10-01,4.8,Arizona
2019-11-01,4.9,Arizona
2019-12-01,4.9,Arizona
2020-01-01,5.0,Arizona
2020-02-01,5.0,Arizona
2020-03-01,5.1,Arizona
2020-04-01,13.9,Arizona
2020-05-01,11.0,Arizona
2020-06-01,9.5,Arizona
2020-07-01,8.6,Arizona
2020-08-01,7.6,Arizona
2020-09-01,7.2,Arizona
2020-10-01,6.7,Arizona
2020-11-01,6.5,Arizona
2020-12-01,6.3,Arizona
2021-01-01,6.1,Arizona
2021-02-01,6.0,Arizona
2021-03-01,5.8,Arizona
2021-04-01,5.6,Arizona
2021-05-01,5.4,Arizona
2021-06-01,5.2,Arizona
2021-07-01,4.9,Arizona
2021-08-01,4.5,Arizona
2021-09-01,4.2,Arizona
2021-10-01,3.9,Arizona
2021-11-01,3.9,Arizona
2021-12-01,3.9,Arizona
2022-01-01,3.7,Arizona
2022-02-01,3.6,Arizona
2022-03-01,3.3,Arizona
2022-04-01,3.2,Arizona
2022-05-01,3.2,Arizona
2022-06-01,3.3,Arizona
2022-07-01,3.3,Arizona
2022-08-01,3.5,Arizona
2022-09-01,3.7,Arizona
2022-10-01,3.9,Arizona
2022-11-01,4.1,Arizona
2022-12-01,4.0,Arizona
2019-01-01,3.6,Arkansas
2019-02-01,3.5,Arkansas
2019-03-01,3.4,Arkansas
2019-04-01,3.4,Arkansas
2019-05-01,3.4,Arkansas
2019-06-01,3.4,Arkansas
2019-07-01,3.4,Arkansas
2019-08-01,3.5,Arkansas
2019-09-01,3.5,Arkansas
2019-10-01,3.5,Arkansas
2019-11-01,3.5,Arkansas
2019-12-01,3.5,Arkansas
2020-01-01,3.5,Arkansas
2020-02-01,3.6,Arkansas
2020-03-01,4.9,Arkansas
2020-04-01,10.0,Arkansas
2020-05-01,8.7,Arkansas
2020-06-01,7.6,Arkansas
2020-07-01,7.1,Arkansas
2020-08-01,6.2,Arkansas
2020-09-01,5.8,Arkansas
2020-10-01,5.4,Arkansas
2020-11-01,5.2,Arkansas
2020-12-01,5.0,Arkansas
2021-01-01,4.9,Arkansas
2021-02-01,4.8,Arkansas
2021-03-01,4.6,Arkansas
2021-04-01,4.5,Arkansas
2021-05-01,4.4,Arkansas
2021-06-01,4.2,Arkansas
2021-07-01,4.0,Arkansas
2021-08-01,3.8,Arkansas
2021-09-01,3.5,Arkansas
2021-10-01,3.4,Arkansas
2021-11-01,3.3,Arkansas
2021-12-01,3.3,Arkansas
2022-01-01,3.2,Arkansas
2022-02-01,3.1,Arkansas
2022-03-01,3.1,Arkansas
2022-04-01,3.2,Arkansas
2022-05-01,3.2,Arkansas
2022-06-01,3.2,Arkansas
2022-07-01,3.3,Arkansas
2022-08-01,3.4,Arkansas
2022-09-01,3.5,Arkansas
2022-10-01,3.6,Arkansas
2022-11-01,3.7,Arkansas
2022-12-01,3.6,Arkansas
2019-01-01,4.3,California
2019-02-01,4.2,California
2019-03-01,4.2,California
2019-04-01,4.1,California
2019-05-01,4.1,California
2019-06-01,4.0,California
2019-07-01,4.0,California
2019-08-01,4.1,California
2019-09-01,4.1,California
2019-10-01,4.1,California
2019-11-01,4.1,California
2019-12-01,4.1,California
2020-01-01,4.1,California
2020-02-01,4.1,California
2020-03-01,5.5,California
2020-04-01,15.9,California
2020-05-01,16.1,California
2020-06-01,14.1,California
2020-07-01,13.4,California
2020-08-01,11.9,California
2020-09-01,10.3,California
2020-10-01,9.5,California
2020-11-01,9.2,California
2020-12-01,9.2,California
2021-01-01,8.8,California
2021-02-01,8.6,California
2021-03-01,8.4,California
2021-04-01,8.3,California
2021-05-01,7.9,California
2021-06-01,7.9,California
2021-07-01,7.4,California
2021-08-01,7.0,California
2021-09-01,6.4,California
2021-10-01,6.1,California
2021-11-01,5.8,California
2021-12-01,5.8,California
2022-01-01,5.7,California
2022-02-01,5.3,California
2022-03-01,4.8,California
2022-04-01,4.6,California
2022-05-01,4.3,California
2022-06-01,4.2,California
2022-07-01,3.9,California
2022-08-01,4.1,California
2022-09-01,3.8,California
2022-10-01,4.0,California
2022-11-01,4.1,California
2022-12-01,4.1,California
2019-01-01,2.9,Colorado
2019-02-01,2.8,Colorado
2019-03-01,2.7,Colorado
2019-04-01,2.6,Colorado
2019-05-01,2.5,Colorado
2019-06-01,2.5,Colorado
2019-07-01,2.5,Colorado
2019-08-01,2.5,Colorado
2019-09-01,2.5,Colorado
2019-10-01,2.5,Colorado
2019-11-01,2.6,Colorado
2019-12-01,2.6,Colorado
2020-01-01,2.7,Colorado
2020-02-01,2.8,Colorado
2020-03-01,4.8,Colorado
2020-04-01,11.6,Colorado
2020-05-01,11.8,Colorado
2020-06-01,11.0,Colorado
2020-07-01,6.6,Colorado
2020-08-01,6.2,Colorado
2020-09-01,6.4,Colorado
2020-10-01,6.1,Colorado
2020-11-01,6.2,Colorado
2020-12-01,6.4,Colorado
2021-01-01,6.2,Colorado
2021-02-01,6.2,Colorado
2021-03-01,6.1,Colorado
2021-04-01,6.1,Colorado
2021-05-01,5.8,Colorado
2021-06-01,5.9,Colorado
2021-07-01,5.6,Colorado
2021-08-01,5.3,Colorado
2021-09-01,4.7,Colorado
2021-10-01,4.5,Colorado
2021-11-01,4.3,Colorado
2021-12-01,4.2,Colorado
2022-01-01,4.2,Colorado
2022-02-01,4.0,Colorado
2022-03-01,3.7,Colorado
2022-04-01,3.6,Colorado
2022-05-01,3.5,Colorado
2022-06-01,3.4,Colorado
2022-07-01,3.3,Colorado
2022-08-01,3.4,Colorado
2022-09-01,3.4,Colorado
2022-10-01,3.6,Colorado
2022-11-01,3.5,Colorado
2022-12-01,3.3,Colorado
2019-01-01,3.7,Connecticut
2019-02-01,3.6,Connecticut
2019-03-01,3.6,Connecticut
2019-04-01,3.5,Connecticut
2019-05-01,3.5,Connecticut
2019-06-01,3.5,Connecticut
2019-07-01,3.5,Connecticut
2019-08-01,3.5,Connecticut
2019-09-01,3.5,Connecticut
2019-10-01,3.5,Connecticut
2019-11-01,3.5,Connecticut
2019-12-01,3.5,Connecticut
2020-01-01,3.4,Connecticut
2020-02-01,3.4,Connecticut
2020-03-01,3.4,Connecticut
2020-04-01,8.0,Connecticut
2020-05-01,11.4,Connecticut
2020-06-01,11.1,Connecticut
2020-07-01,11.2,Connecticut
2020-08-01,9.5,Connecticut
2020-09-01,8.9,Connecticut
2020-10-01,8.1,Connecticut
2020-11-01,7.8,Connecticut
2020-12-01,7.7,Connecticut
2021-01-01,7.3,Connecticut
2021-02-01,7.2,Connecticut
2021-03-01,7.0,Connecticut
2021-04-01,7.0,Connecticut
2021-05-01,6.7,Connecticut
2021-06-01,6.7,Connecticut
2021-07-01,6.3,Connecticut
2021-08-01,6.1,Connecticut
2021-09-01,5.6,Connecticut
2021-10-01,5.4,Connecticut
2021-11-01,5.2,Connecticut
2021-12-01,5.1,Connecticut
2022-01-01,5.3,Connecticut
2022-02-01,4.9,Connecticut
2022-03-01,4.6,Connecticut
2022-04-01,4.4,Connecticut
2022-05-01,4.2,Connecticut
2022-06-01,4.0,Connecticut
2022-07-01,3.7,Connecticut
2022-08-01,4.1,Connecticut
2022-09-01,4.0,Connecticut
2022-10-01,4.3,Connecticut
2022-11-01,4.2,Connecticut
2022-12-01,4.2,Connecticut
2019-01-01,3.6,Delaware
2019-02-01,3.6,Delaware
2019-03-01,3.6,Delaware
2019-04-01,3.6,Delaware
2019-05-01,3.7,Delaware
2019-06-01,3.7,Delaware
2019-07-01,3.8,Delaware
2019-08-01,3.8,Delaware
2019-09-01,3.8,Delaware
2019-10-01,3.8,Delaware
2019-11-01,3.7,Delaware
2019-12-01,3.7,Delaware
2020-01-01,3.7,Delaware
2020-02-01,3.7,Delaware
2020-03-01,5.0,Delaware
2020-04-01,13.1,Delaware
2020-05-01,13.3,Delaware
2020-06-01,12.7,Delaware
2020-07-01,7.7,Delaware
2020-08-01,7.5,Delaware
2020-09-01,7.6,Delaware
2020-10-01,5.3,Delaware
2020-11-01,5.4,Delaware
2020-12-01,5.6,Delaware
2021-01-01,5.7,Delaware
2021-02-01,5.7,Delaware
2021-03-01,5.8,Delaware
2021-04-01,5.8,Delaware
2021-05-01,5.7,Delaware
2021-06-01,5.7,Delaware
2021-07-01,5.5,Delaware
2021-08-01,5.3,Delaware
2021-09-01,5.0,Delaware
2021-10-01,4.9,Delaware
2021-11-01,4.8,Delaware
2021-12-01,4.8,Delaware
2022-01-01,4.8,Delaware
2022-02-01,4.6,Delaware
2022-03-01,4.5,Delaware
2022-04-01,4.5,Delaware
2022-05-01,4.5,Delaware
2022-06-01,4.5,Delaware
2022-07-01,4.4,Delaware
2022-08-01,4.5,Delaware
2022-09-01,4.3,Delaware
2022-10-01,4.3,Delaware
2022-11-01,4.4,Delaware
2022-12-01,4.4,Delaware
2019-01-01,5.9,District of Columbia
2019-02-01,5.9,District of Columbia
2019-03-01,5.8,District of Columbia
2019-04-01,5.6,District of Columbia
2019-05-01,5.4,District of Columbia
2019-06-01,5.3,District of Columbia
2019-07-01,5.1,District of Columbia
2019-08-01,5.1,District of Columbia
2019-09-01,5.0,District of Columbia
2019-10-01,4.9,District of Columbia
2019-11-01,5.0,District of Columbia
2019-12-01,5.1,District of Columbia
2020-01-01,5.3,District of Columbia
2020-02-01,5.4,District of Columbia
2020-03-01,5.5,District of Columbia
2020-04-01,11.1,District of Columbia
2020-05-01,9.0,District of Columbia
2020-06-01,8.8,District of Columbia
2020-07-01,9.0,District of Columbia
2020-08-01,8.8,District of Columbia
2020-09-01,8.7,District of Columbia
2020-10-01,8.2,District of Columbia
2020-11-01,7.8,District of Columbia
2020-12-01,7.5,District of Columbia
2021-01-01,6.9,District of Columbia
2021-02-01,6.7,District of Columbia
2021-03-01,6.6,District of Columbia
2021-04-01,6.8,District of Columbia
2021-05-01,6.9,District of Columbia
2021-06-01,7.2,District of Columbia
2021-07-01,7.1,District of Columbia
2021-08-01,6.9,District of Columbia
2021-09-01,6.5,District of Columbia
2021-10-01,6.3,District of Columbia
2021-11-01,6.1,District of Columbia
2021-12-01,6.1,District of Columbia
2022-01-01,6.3,District of Columbia
2022-02-01,6.1,District of Columbia
2022-03-01,6.0,District of Columbia
2022-04-01,5.8,District of Columbia
2022-05-01,5.7,District of Columbia
2022-06-01,5.5,District of Columbia
2022-07-01,5.2,District of Columbia
2022-08-01,5.1,District of Columbia
2022-09-01,4.7,District of Columbia
2022-10-01,4.8,District of Columbia
2022-11-01,4.6,District of Columbia
2022-12-01,4.7,District of Columbia
2019-01-01,3.5,Florida
2019-02-01,3.5,Florida
2019-03-01,3.4,Florida
2019-04-01,3.4,Florida
2019-05-01,3.3,Florida
2019-06-01,3.3,Florida
2019-07-01,3.2,Florida
2019-08-01,3.2,Florida
2019-09-01,3.1,Florida
2019-10-01,3.0,Florida
2019-11-01,2.9,Florida
2019-12-01,2.9,Florida
2020-01-01,2.8,Florida
2020-02-01,2.7,Florida
2020-03-01,4.5,Florida
2020-04-01,13.2,Florida
2020-05-01,13.9,Florida
2020-06-01,11.6,Florida
2020-07-01,12.5,Florida
2020-08-01,8.9,Florida
2020-09-01,8.7,Florida
2020-10-01,7.2,Florida
2020-11-01,6.7,Florida
2020-12-01,6.5,Florida
2021-01-01,6.0,Florida
2021-02-01,5.6,Florida
2021-03-01,5.4,Florida
2021-04-01,5.1,Florida
2021-05-01,4.9,Florida
2021-06-01,4.8,Florida
2021-07-01,4.5,Florida
2021-08-01,4.3,Florida
2021-09-01,3.9,Florida
2021-10-01,3.7,Florida
2021-11-01,3.5,Florida
2021-12-01,3.5,Florida
2022-01-01,3.5,Florida
2022-02-01,3.3,Florida
2022-03-01,3.2,Florida
2022-04-01,3.0,Florida
2022-05-01,2.9,Florida
2022-06-01,2.8,Florida
2022-07-01,2.7,Florida
2022-08-01,2.7,Florida
2022-09-01,2.5,Florida
2022-10-01,2.7,Florida
2022-11-01,2.6,Florida
2022-12-01,2.5,Florida
2019-01-01,3.9,Georgia
2019-02-01,3.8,Georgia
2019-03-01,3.7,Georgia
2019-04-01,3.7,Georgia
2019-05-01,3.6,Georgia
2019-06-01,3.6,Georgia
2019-07-01,3.6,Georgia
2019-08-01,3.5,Georgia
2019-09-01,3.5,Georgia
2019-10-01,3.5,Georgia
2019-11-01,3.4,Georgia
2019-12-01,3.5,Georgia
2020-01-01,3.5,Georgia
2020-02-01,3.6,Georgia
2020-03-01,3.7,Georgia
2020-04-01,12.3,Georgia
2020-05-01,9.6,Georgia
2020-06-01,8.4,Georgia
2020-07-01,7.7,Georgia
2020-08-01,6.9,Georgia
2020-09-01,6.4,Georgia
2020-10-01,5.6,Georgia
2020-11-01,5.3,Georgia
2020-12-01,5.1,Georgia
2021-01-01,4.8,Georgia
2021-02-01,4.6,Georgia
2021-03-01,4.4,Georgia
2021-04-01,4.3,Georgia
2021-05-01,4.1,Georgia
2021-06-01,4.0,Georgia
2021-07-01,3.9,Georgia
2021-08-01,3.7,Georgia
2021-09-01,3.5,Georgia
2021-10-01,3.4,Georgia
2021-11-01,3.3,Georgia
2021-12-01,3.3,Georgia
2022-01-01,3.2,Georgia
2022-02-01,3.2,Georgia
2022-03-01,3.1,Georgia
2022-04-01,3.1,Georgia
2022-05-01,3.0,Georgia
2022-06-01,2.9,Georgia
2022-07-01,2.8,Georgia
2022-08-01,2.8,Georgia
2022-09-01,2.8,Georgia
2022-10-01,2.9,Georgia
2022-11-01,3.0,Georgia
2022-12-01,3.0,Georgia
2019-01-01,2.7,Hawaii
2019-02-01,2.8,Hawaii
2019-03-01,2.9,Hawaii
2019-04-01,2.9,Hawaii
2019-05-01,2.8,Hawaii
2019-06-01,2.6,Hawaii
2019-07-01,2.4,Hawaii
2019-08-01,2.2,Hawaii
2019-09-01,2.0,Hawaii
2019-10-01,1.9,Hawaii
2019-11-01,1.9,Hawaii
2019-12-01,2.0,Hawaii
2020-01-01,2.1,Hawaii
2020-02-01,2.2,Hawaii
2020-03-01,2.2,Hawaii
2020-04-01,22.4,Hawaii
2020-05-01,20.9,Hawaii
2020-06-01,17.7,Hawaii
2020-07-01,16.2,Hawaii
2020-08-01,13.9,Hawaii
2020-09-01,14.2,Hawaii
2020-10-01,12.1,Hawaii
2020-11-01,10.8,Hawaii
2020-12-01,9.8,Hawaii
2021-01-01,8.3,Hawaii
2021-02-01,7.3,Hawaii
2021-03-01,6.6,Hawaii
2021-04-01,6.3,Hawaii
2021-05-01,5.9,Hawaii
2021-06-01,5.9,Hawaii
2021-07-01,5.5,Hawaii
2021-08-01,5.3,Hawaii
2021-09-01,4.8,Hawaii
2021-10-01,4.7,Hawaii
2021-11-01,4.4,Hawaii
2021-12-01,4.3,Hawaii
2022-01-01,4.3,Hawaii
2022-02-01,4.2,Hawaii
2022-03-01,4.1,Hawaii
2022-04-01,4.1,Hawaii
2022-05-01,4.1,Hawaii
2022-06-01,4.2,Hawaii
2022-07-01,4.0,Hawaii
2022-08-01,4.0,Hawaii
2022-09-01,3.5,Hawaii
2022-10-01,3.3,Hawaii
2022-11-01,3.3,Hawaii
2022-12-01,3.2,Hawaii
2019-01-01,3.0,Idaho
2019-02-01,3.0,Idaho
2019-03-01,2.9,Idaho
2019-04-01,2.9,Idaho
2019-05-01,2.9,Idaho
2019-06-01,2.9,Idaho
2019-07-01,3.0,Idaho
2019-08-01,3.0,Idaho
2019-09-01,3.0,Idaho
2019-10-01,3.0,Idaho
2019-11-01,3.0,Idaho
2019-12-01,3.0,Idaho
2020-01-01,3.0,Idaho
2020-02-01,3.0,Idaho
2020-03-01,2.8,Idaho
2020-04-01,11.8,Idaho
2020-05-01,8.9,Idaho
2020-06-01,7.3,Idaho
2020-07-01,6.3,Idaho
2020-08-01,5.3,Idaho
2020-09-01,4.8,Idaho
2020-10-01,4.3,Idaho
2020-11-01,4.2,Idaho
2020-12-01,4.2,Idaho
2021-01-01,4.0,Idaho
2021-02-01,4.0,Idaho
2021-03-01,3.9,Idaho
2021-04-01,3.8,Idaho
2021-05-01,3.7,Idaho
2021-06-01,3.7,Idaho
2021-07-01,3.6,Idaho
2021-08-01,3.5,Idaho
2021-09-01,3.4,Idaho
2021-10-01,3.2,Idaho
2021-11-01,3.2,Idaho
2021-12-01,3.1,Idaho
2022-01-01,3.0,Idaho
2022-02-01,2.8,Idaho
2022-03-01,2.7,Idaho
2022-04-01,2.6,Idaho
2022-05-01,2.5,Idaho
2022-06-01,2.5,Idaho
2022-07-01,2.6,Idaho
2022-08-01,2.7,Idaho
2022-09-01,2.8,Idaho
2022-10-01,2.9,Idaho
2022-11-01,3.0,Idaho
2022-12-01,2.9,Idaho
2019-01-01,4.5,Illinois
2019-02-01,4.5,Illinois
2019-03-01,4.3,Illinois
2019-04-01,4.1,Illinois
2019-05-01,4.0,Illinois
2019-06-01,3.8,Illinois
2019-07-01,3.8,Illinois
2019-08-01,3.7,Illinois
2019-09-01,3.7,Illinois
2019-10-01,3.7,Illinois
2019-11-01,3.6,Illinois
2019-12-01,3.6,Illinois
2020-01-01,3.7,Illinois
2020-02-01,3.8,Illinois
2020-03-01,4.9,Illinois
2020-04-01,17.4,Illinois
2020-05-01,14.5,Illinois
2020-06-01,12.7,Illinois
2020-07-01,11.5,Illinois
2020-08-01,9.8,Illinois
2020-09-01,9.0,Illinois
2020-10-01,8.1,Illinois
2020-11-01,7.7,Illinois
2020-12-01,7.5,Illinois
2021-01-01,7.1,Illinois
2021-02-01,6.9,Illinois
2021-03-01,6.7,Illinois
2021-04-01,6.6,Illinois
2021-05-01,6.5,Illinois
2021-06-01,6.5,Illinois
2021-07-01,6.2,Illinois
2021-08-01,6.0,Illinois
2021-09-01,5.5,Illinois
2021-10-01,5.3,Illinois
2021-11-01,5.1,Illinois
2021-12-01,5.1,Illinois
2022-01-01,5.0,Illinois
2022-02-01,4.8,Illinois
2022-03-01,4.7,Illinois
2022-04-01,4.6,Illinois
2022-05-01,4.6,Illinois
2022-06-01,4.5,Illinois
2022-07-01,4.4,Illinois
2022-08-01,4.5,Illinois
2022-09-01,4.5,Illinois
2022-10-01,4.6,Illinois
2022-11-01,4.7,Illinois
2022-12-01,4.7,Illinois
2019-01-01,3.5,Indiana
2019-02-01,3.4,Indiana
2019-03-01,3.3,Indiana
2019-04-01,3.2,Indiana
2019-05-01,3.2,Indiana
2019-06-01,3.2,Indiana
2019-07-01,3.2,Indiana
2019-08-01,3.3,Indiana
2019-09-01,3.3,Indiana
2019-10-01,3.3,Indiana
2019-11-01,3.3,Indiana
2019-12-01,3.3,Indiana
2020-01-01,3.4,Indiana
2020-02-01,3.4,Indiana
2020-03-01,3.5,Indiana
2020-04-01,16.8,Indiana
2020-05-01,12.3,Indiana
2020-06-01,10.2,Indiana
2020-07-01,8.8,Indiana
2020-08-01,7.2,Indiana
2020-09-01,6.3,Indiana
2020-10-01,5.5,Indiana
2020-11-01,5.1,Indiana
2020-12-01,4.8,Indiana
2021-01-01,4.5,Indiana
2021-02-01,4.3,Indiana
2021-03-01,4.2,Indiana
2021-04-01,4.1,Indiana
2021-05-01,4.0,Indiana
2021-06-01,3.9,Indiana
2021-07-01,3.7,Indiana
2021-08-01,3.4,Indiana
2021-09-01,3.1,Indiana
2021-10-01,2.8,Indiana
2021-11-01,2.7,Indiana
2021-12-01,2.7,Indiana
2022-01-01,2.4,Indiana
2022-02-01,2.3,Indiana
2022-03-01,2.2,Indiana
2022-04-01,2.2,Indiana
2022-05-01,2.2,Indiana
2022-06-01,2.4,Indiana
2022-07-01,2.6,Indiana
2022-08-01,2.8,Indiana
2022-09-01,2.8,Indiana
2022-10-01,3.0,Indiana
2022-11-01,3.0,Indiana
2022-12-01,3.1,Indiana
2019-01-01,2.5,Iowa
2019-02-01,2.5,Iowa
2019-03-01,2.5,Iowa
2019-04-01,2.5,Iowa
2019-05-01,2.5,Iowa
2019-06-01,2.6,Iowa
2019-07-01,2.6,Iowa
2019-08-01,2.7,Iowa
2019-09-01,2.7,Iowa
2019-10-01,2.7,Iowa
2019-11-01,2.7,Iowa
2019-12-01,2.6,Iowa
2020-01-01,2.6,Iowa
2020-02-01,2.6,Iowa
2020-03-01,2.6,Iowa
2020-04-01,10.5,Iowa
2020-05-01,8.0,Iowa
2020-06-01,6.5,Iowa
2020-07-01,5.8,Iowa
2020-08-01,5.1,Iowa
2020-09-01,4.8,Iowa
2020-10-01,4.5,Iowa
2020-11-01,4.5,Iowa
2020-12-01,4.5,Iowa
2021-01-01,4.4,Iowa
2021-02-01,4.4,Iowa
2021-03-01,4.4,Iowa
2021-04-01,4.5,Iowa
2021-05-01,4.5,Iowa
2021-06-01,4.5,Iowa
2021-07-01,4.4,Iowa
2021-08-01,4.3,Iowa
2021-09-01,4.1,Iowa
2021-10-01,4.0,Iowa
2021-11-01,3.9,Iowa
2021-12-01,3.9,Iowa
2022-01-01,3.7,Iowa
2022-02-01,3.5,Iowa
2022-03-01,3.3,Iowa
2022-04-01,3.0,Iowa
2022-05-01,2.7,Iowa
2022-06-01,2.6,Iowa
2022-07-01,2.5,Iowa
2022-08-01,2.6,Iowa
2022-09-01,2.7,Iowa
2022-10-01,2.9,Iowa
2022-11-01,3.1,Iowa
2022-12-01,3.1,Iowa
2019-01-01,3.3,Kansas
2019-02-01,3.2,Kansas
2019-03-01,3.1,Kansas
2019-04-01,3.1,Kansas
2019-05-01,3.1,Kansas
2019-06-01,3.1,Kansas
2019-07-01,3.1,Kansas
2019-08-01,3.1,Kansas
2019-09-01,3.1,Kansas
2019-10-01,3.1,Kansas
2019-11-01,3.1,Kansas
2019-12-01,3.1,Kansas
2020-01-01,3.1,Kansas
2020-02-01,3.1,Kansas
2020-03-01,3.1,Kansas
2020-04-01,12.2,Kansas
2020-05-01,9.0,Kansas
2020-06-01,7.2,Kansas
2020-07-01,6.4,Kansas
2020-08-01,5.6,Kansas
2020-09-01,5.2,Kansas
2020-10-01,4.7,Kansas
2020-11-01,4.4,Kansas
2020-12-01,4.2,Kansas
2021-01-01,3.8,Kansas
2021-02-01,3.6,Kansas
2021-03-01,3.5,Kansas
2021-04-01,3.5,Kansas
2021-05-01,3.4,Kansas
2021-06-01,3.5,Kansas
2021-07-01,3.4,Kansas
2021-08-01,3.2,Kansas
2021-09-01,3.0,Kansas
2021-10-01,2.9,Kansas
2021-11-01,2.8,Kansas
2021-12-01,2.8,Kansas
2022-01-01,2.6,Kansas
2022-02-01,2.5,Kansas
2022-03-01,2.4,Kansas
2022-04-01,2.4,Kansas
2022-05-01,2.3,Kansas
2022-06-01,2.4,Kansas
2022-07-01,2.4,Kansas
2022-08-01,2.5,Kansas
2022-09-01,2.6,Kansas
2022-10-01,2.8,Kansas
2022-11-01,2.8,Kansas
2022-12-01,2.9,Kansas
2019-01-01,4.2,Kentucky
2019-02-01,4.1,Kentucky
2019-03-01,4.1,Kentucky
2019-04-01,4.1,Kentucky
2019-05-01,4.1,Kentucky
2019-06-01,4.1,Kentucky
2019-07-01,4.1,Kentucky
2019-08-01,4.1,Kentucky
2019-09-01,4.1,Kentucky
2019-10-01,4.0,Kentucky
2019-11-01,4.0,Kentucky
2019-12-01,4.0,Kentucky
2020-01-01,4.0,Kentucky
2020-02-01,4.1,Kentucky
2020-03-01,4.1,Kentucky
2020-04-01,16.5,Kentucky
2020-05-01,12.6,Kentucky
2020-06-01,5.1,Kentucky
2020-07-01,5.7,Kentucky
2020-08-01,5.2,Kentucky
2020-09-01,5.1,Kentucky
2020-10-01,4.9,Kentucky
2020-11-01,4.9,Kentucky
2020-12-01,4.9,Kentucky
2021-01-01,4.8,Kentucky
2021-02-01,4.7,Kentucky
2021-03-01,4.7,Kentucky
2021-04-01,4.7,Kentucky
2021-05-01,4.7,Kentucky
2021-06-01,4.8,Kentucky
2021-07-01,4.8,Kentucky
2021-08-01,4.8,Kentucky
2021-09-01,4.7,Kentucky
2021-10-01,4.6,Kentucky
2021-11-01,4.6,Kentucky
2021-12-01,4.6,Kentucky
2022-01-01,4.4,Kentucky
2022-02-01,4.2,Kentucky
2022-03-01,4.0,Kentucky
2022-04-01,3.9,Kentucky
2022-05-01,3.8,Kentucky
2022-06-01,3.7,Kentucky
2022-07-01,3.7,Kentucky
2022-08-01,3.8,Kentucky
2022-09-01,3.8,Kentucky
2022-10-01,3.9,Kentucky
2022-11-01,4.0,Kentucky
2022-12-01,4.0,Kentucky
2019-01-01,4.8,Louisiana
2019-02-01,4.7,Louisiana
2019-03-01,4.5,Louisiana
2019-04-01,4.4,Louisiana
2019-05-01,4.3,Louisiana
2019-06-01,4.3,Louisiana
2019-07-01,4.4,Louisiana
2019-08-01,4.6,Louisiana
2019-09-01,4.7,Louisiana
2019-10-01,4.8,Louisiana
2019-11-01,4.9,Louisiana
2019-12-01,5.1,Louisiana
2020-01-01,5.2,Louisiana
2020-02-01,5.2,Louisiana
2020-03-01,6.8,Louisiana
2020-04-01,13.5,Louisiana
2020-05-01,12.3,Louisiana
2020-06-01,11.0,Louisiana
2020-07-01,10.5,Louisiana
2020-08-01,9.4,Louisiana
2020-09-01,8.9,Louisiana
2020-10-01,8.0,Louisiana
2020-11-01,7.4,Louisiana
2020-12-01,7.0,Louisiana
2021-01-01,6.5,Louisiana
2021-02-01,6.3,Louisiana
2021-03-01,6.1,Louisiana
2021-04-01,6.1,Louisiana
2021-05-01,5.9,Louisiana
2021-06-01,5.8,Louisiana
2021-07-01,5.5,Louisiana
2021-08-01,5.2,Louisiana
2021-09-01,4.8,Louisiana
2021-10-01,4.6,Louisiana
2021-11-01,4.5,Louisiana
2021-12-01,4.4,Louisiana
2022-01-01,4.3,Louisiana
2022-02-01,4.3,Louisiana
2022-03-01,4.2,Louisiana
2022-04-01,4.1,Louisiana
2022-05-01,4.0,Louisiana
2022-06-01,3.8,Louisiana
2022-07-01,3.7,Louisiana
2022-08-01,3.5,Louisiana
2022-09-01,3.4,Louisiana
2022-10-01,3.3,Louisiana
2022-11-01,3.3,Louisiana
2022-12-01,3.5,Louisiana
2019-01-01,3.0,Maine
2019-02-01,2.9,Maine
2019-03-01,2.7,Maine
2019-04-01,2.6,Maine
2019-05-01,2.6,Maine
2019-06-01,2.6,Maine
2019-07-01,2.7,Maine
2019-08-01,2.7,Maine
2019-09-01,2.8,Maine
2019-10-01,2.9,Maine
2019-11-01,2.9,Maine
2019-12-01,2.9,Maine
2020-01-01,2.9,Maine
2020-02-01,2.8,Maine
2020-03-01,2.7,Maine
2020-04-01,9.1,Maine
2020-05-01,9.2,Maine
2020-06-01,6.6,Maine
2020-07-01,6.3,Maine
2020-08-01,4.6,Maine
2020-09-01,4.4,Maine
2020-10-01,4.1,Maine
2020-11-01,4.1,Maine
2020-12-01,4.4,Maine
2021-01-01,4.4,Maine
2021-02-01,4.6,Maine
2021-03-01,4.8,Maine
2021-04-01,5.0,Maine
2021-05-01,4.9,Maine
2021-06-01,5.0,Maine
2021-07-01,4.9,Maine
2021-08-01,4.8,Maine
2021-09-01,4.5,Maine
2021-10-01,4.4,Maine
2021-11-01,4.2,Maine
2021-12-01,4.1,Maine
2022-01-01,4.1,Maine
2022-02-01,4.0,Maine
2022-03-01,3.6,Maine
2022-04-01,3.3,Maine
2022-05-01,3.2,Maine
2022-06-01,3.0,Maine
2022-07-01,2.8,Maine
2022-08-01,3.1,Maine
2022-09-01,3.3,Maine
2022-10-01,3.6,Maine
2022-11-01,3.7,Maine
2022-12-01,3.8,Maine
2019-01-01,3.5,Maryland
2019-02-01,3.3,Maryland
2019-03-01,3.2,Maryland
2019-04-01,3.1,Maryland
2019-05-01,3.1,Maryland
2019-06-01,3.2,Maryland
2019-07-01,3.4,Maryland
2019-08-01,3.5,Maryland
2019-09-01,3.6,Maryland
2019-10-01,3.7,Maryland
2019-11-01,3.7,Maryland
2019-12-01,3.8,Maryland
2020-01-01,4.0,Maryland
2020-02-01,4.2,Maryland
2020-03-01,4.2,Maryland
2020-04-01,9.5,Maryland
2020-05-01,9.5,Maryland
2020-06-01,8.6,Maryland
2020-07-01,8.1,Maryland
2020-08-01,7.2,Maryland
2020-09-01,6.8,Maryland
2020-10-01,6.2,Maryland
2020-11-01,6.1,Maryland
2020-12-01,6.3,Maryland
2021-01-01,5.9,Maryland
2021-02-01,5.7,Maryland
2021-03-01,5.7,Maryland
2021-04-01,5.7,Maryland
2021-05-01,5.7,Maryland
2021-06-01,6.1,Maryland
2021-07-01,6.1,Maryland
2021-08-01,6.2,Maryland
2021-09-01,5.8,Maryland
2021-10-01,5.7,Maryland
2021-11-01,5.4,Maryland
2021-12-01,5.4,Maryland
2022-01-01,5.4,Maryland
2022-02-01,5.0,Maryland
2022-03-01,4.6,Maryland
2022-04-01,4.2,Maryland
2022-05-01,4.0,Maryland
2022-06-01,4.0,Maryland
2022-07-01,3.9,Maryland
2022-08-01,4.3,Maryland
2022-09-01,4.0,Maryland
2022-10-01,4.5,Maryland
2022-11-01,4.3,Maryland
2022-12-01,4.0,Maryland
2019-01-01,3.2,Massachusetts
2019-02-01,3.2,Massachusetts
2019-03-01,3.1,Massachusetts
2019-04-01,3.1,Massachusetts
2019-05-01,3.1,Massachusetts
2019-06-01,3.0,Massachusetts
2019-07-01,3.0,Massachusetts
2019-08-01,3.0,Massachusetts
2019-09-01,3.0,Massachusetts
2019-10-01,3.0,Massachusetts
2019-11-01,3.0,Massachusetts
2019-12-01,3.0,Massachusetts
2020-01-01,3.0,Massachusetts
2020-02-01,2.9,Massachusetts
2020-03-01,2.9,Massachusetts
2020-04-01,17.1,Massachusetts
2020-05-01,15.5,Massachusetts
2020-06-01,14.4,Massachusetts
2020-07-01,12.7,Massachusetts
2020-08-01,10.6,Massachusetts
2020-09-01,9.9,Massachusetts
2020-10-01,8.6,Massachusetts
2020-11-01,8.1,Massachusetts
2020-12-01,7.7,Massachusetts
2021-01-01,7.1,Massachusetts
2021-02-01,6.7,Massachusetts
2021-03-01,6.4,Massachusetts
2021-04-01,6.3,Massachusetts
2021-05-01,5.9,Massachusetts
2021-06-01,6.0,Massachusetts
2021-07-01,5.7,Massachusetts
2021-08-01,5.5,Massachusetts
2021-09-01,5.1,Massachusetts
2021-10-01,5.0,Massachusetts
2021-11-01,4.8,Massachusetts
2021-12-01,4.6,Massachusetts
2022-01-01,4.8,Massachusetts
2022-02-01,4.7,Massachusetts
2022-03-01,4.3,Massachusetts
2022-04-01,4.1,Massachusetts
2022-05-01,3.9,Massachusetts
2022-06-01,3.7,Massachusetts
2022-07-01,3.5,Massachusetts
2022-08-01,3.6,Massachusetts
2022-09-01,3.4,Massachusetts
2022-10-01,3.5,Massachusetts
2022-11-01,3.4,Massachusetts
2022-12-01,3.3,Massachusetts
2019-01-01,4.2,Michigan
2019-02-01,4.2,Michigan
2019-03-01,4.1,Michigan
2019-04-01,4.1,Michigan
2019-05-01,4.1,Michigan
2019-06-01,4.2,Michigan
2019-07-01,4.2,Michigan
2019-08-01,4.2,Michigan
2019-09-01,4.1,Michigan
2019-10-01,4.0,Michigan
2019-11-01,3.9,Michigan
2019-12-01,3.8,Michigan
2020-01-01,3.8,Michigan
2020-02-01,3.8,Michigan
2020-03-01,3.8,Michigan
2020-04-01,22.7,Michigan
2020-05-01,19.2,Michigan
2020-06-01,14.6,Michigan
2020-07-01,12.6,Michigan
2020-08-01,9.9,Michigan
2020-09-01,8.7,Michigan
2020-10-01,7.5,Michigan
2020-11-01,7.1,Michigan
2020-12-01,7.0,Michigan
2021-01-01,6.4,Michigan
2021-02-01,6.3,Michigan
2021-03-01,6.2,Michigan
2021-04-01,6.2,Michigan
2021-05-01,6.2,Michigan
2021-06-01,6.3,Michigan
2021-07-01,6.2,Michigan
2021-08-01,6.0,Michigan
2021-09-01,5.7,Michigan
2021-10-01,5.4,Michigan
2021-11-01,5.2,Michigan
2021-12-01,5.1,Michigan
2022-01-01,4.9,Michigan
2022-02-01,4.7,Michigan
2022-03-01,4.4,Michigan
2022-04-01,4.3,Michigan
2022-05-01,4.3,Michigan
2022-06-01,4.3,Michigan
2022-07-01,4.2,Michigan
2022-08-01,4.1,Michigan
2022-09-01,4.1,Michigan
2022-10-01,4.2,Michigan
2022-11-01,4.3,Michigan
2022-12-01,4.3,Michigan
2019-01-01,3.4,Minnesota
2019-02-01,3.4,Minnesota
2019-03-01,3.4,Minnesota
2019-04-01,3.3,Minnesota
2019-05-01,3.3,Minnesota
2019-06-01,3.3,Minnesota
2019-07-01,3.3,Minnesota
2019-08-01,3.4,Minnesota
2019-09-01,3.5,Minnesota
2019-10-01,3.6,Minnesota
2019-11-01,3.6,Minnesota
2019-12-01,3.7,Minnesota
2020-01-01,3.8,Minnesota
2020-02-01,3.9,Minnesota
2020-03-01,4.0,Minnesota
2020-04-01,9.0,Minnesota
2020-05-01,10.8,Minnesota
2020-06-01,8.7,Minnesota
2020-07-01,7.9,Minnesota
2020-08-01,6.9,Minnesota
2020-09-01,6.2,Minnesota
2020-10-01,5.5,Minnesota
2020-11-01,5.0,Minnesota
2020-12-01,4.6,Minnesota
2021-01-01,4.2,Minnesota
2021-02-01,3.9,Minnesota
2021-03-01,3.7,Minnesota
2021-04-01,3.5,Minnesota
2021-05-01,3.4,Minnesota
2021-06-01,3.4,Minnesota
2021-07-01,3.3,Minnesota
2021-08-01,3.3,Minnesota
2021-09-01,3.2,Minnesota
2021-10-01,3.1,Minnesota
2021-11-01,3.1,Minnesota
2021-12-01,3.0,Minnesota
2022-01-01,2.9,Minnesota
2022-02-01,2.7,Minnesota
2022-03-01,2.5,Minnesota
2022-04-01,2.2,Minnesota
2022-05-01,2.0,Minnesota
2022-06-01,1.8,Minnesota
2022-07-01,1.8,Minnesota
2022-08-01,1.9,Minnesota
2022-09-01,2.0,Minnesota
2022-10-01,2.1,Minnesota
2022-11-01,2.3,Minnesota
2022-12-01,2.5,Minnesota
2019-01-01,5.3,Mississippi
2019-02-01,5.3,Mississippi
2019-03-01,5.3,Mississippi
2019-04-01,5.3,Mississippi
2019-05-01,5.4,Mississippi
2019-06-01,5.4,Mississippi
2019-07-01,5.6,Mississippi
2019-08-01,5.6,Mississippi
2019-09-01,5.6,Mississippi
2019-10-01,5.5,Mississippi
2019-11-01,5.5,Mississippi
2019-12-01,5.5,Mississippi
2020-01-01,5.5,Mississippi
2020-02-01,5.7,Mississippi
2020-03-01,5.8,Mississippi
2020-04-01,15.4,Mississippi
2020-05-01,11.0,Mississippi
2020-06-01,9.2,Mississippi
2020-07-01,8.2,Mississippi
2020-08-01,7.4,Mississippi
2020-09-01,7.1,Mississippi
2020-10-01,6.8,Mississippi
2020-11-01,6.8,Mississippi
2020-12-01,6.7,Mississippi
2021-01-01,6.6,Mississippi
2021-02-01,6.5,Mississippi
2021-03-01,6.4,Mississippi
2021-04-01,6.2,Mississippi
2021-05-01,6.0,Mississippi
2021-06-01,5.8,Mississippi
2021-07-01,5.6,Mississippi
2021-08-01,5.3,Mississippi
2021-09-01,5.0,Mississippi
2021-10-01,4.7,Mississippi
2021-11-01,4.7,Mississippi
2021-12-01,4.7,Mississippi
2022-01-01,4.6,Mississippi
2022-02-01,4.5,Mississippi
2022-03-01,4.2,Mississippi
2022-04-01,4.1,Mississippi
2022-05-01,3.9,Mississippi
2022-06-01,3.8,Mississippi
2022-07-01,3.6,Mississippi
2022-08-01,3.6,Mississippi
2022-09-01,3.6,Mississippi
2022-10-01,3.8,Mississippi
2022-11-01,3.9,Mississippi
2022-12-01,4.0,Mississippi
2019-01-01,3.2,Missouri
2019-02-01,3.2,Missouri
2019-03-01,3.1,Missouri
2019-04-01,3.0,Missouri
2019-05-01,2.9,Missouri
2019-06-01,2.9,Missouri
2019-07-01,2.9,Missouri
2019-08-01,3.0,Missouri
2019-09-01,3.1,Missouri
2019-10-01,3.2,Missouri
2019-11-01,3.3,Missouri
2019-12-01,3.3,Missouri
2020-01-01,3.3,Missouri
2020-02-01,3.3,Missouri
2020-03-01,3.5,Missouri
2020-04-01,11.2,Missouri
2020-05-01,9.2,Missouri
2020-06-01,7.7,Missouri
2020-07-01,7.0,Missouri
2020-08-01,6.4,Missouri
2020-09-01,6.0,Missouri
2020-10-01,5.5,Missouri
2020-11-01,5.3,Missouri
2020-12-01,5.1,Missouri
2021-01-01,5.0,Missouri
2021-02-01,4.9,Missouri
2021-03-01,4.8,Missouri
2021-04-01,4.7,Missouri
2021-05-01,4.5,Missouri
2021-06-01,4.4,Missouri
2021-07-01,4.3,Missouri
2021-08-01,4.1,Missouri
2021-09-01,4.0,Missouri
2021-10-01,4.0,Missouri
2021-11-01,3.9,Missouri
2021-12-01,3.9,Missouri
2022-01-01,3.8,Missouri
2022-02-01,3.7,Missouri
2022-03-01,3.6,Missouri
2022-04-01,3.4,Missouri
2022-05-01,3.1,Missouri
2022-06-01,2.8,Missouri
2022-07-01,2.5,Missouri
2022-08-01,2.5,Missouri
2022-09-01,2.4,Missouri
2022-10-01,2.6,Missouri
2022-11-01,2.7,Missouri
2022-12-01,2.8,Missouri
2019-01-01,3.6,Montana
2019-02-01,3.5,Montana
2019-03-01,3.5,Montana
2019-04-01,3.5,Montana
2019-05-01,3.5,Montana
2019-06-01,3.5,Montana
2019-07-01,3.6,Montana
2019-08-01,3.6,Montana
2019-09-01,3.6,Montana
2019-10-01,3.6,Montana
2019-11-01,3.7,Montana
2019-12-01,3.7,Montana
2020-01-01,3.7,Montana
2020-02-01,3.7,Montana
2020-03-01,3.6,Montana
2020-04-01,12.2,Montana
2020-05-01,9.1,Montana
2020-06-01,7.4,Montana
2020-07-01,6.5,Montana
2020-08-01,5.4,Montana
2020-09-01,5.0,Montana
2020-10-01,4.5,Montana
2020-11-01,4.2,Montana
2020-12-01,4.0,Montana
2021-01-01,3.8,Montana
2021-02-01,3.7,Montana
2021-03-01,3.6,Montana
2021-04-01,3.6,Montana
2021-05-01,3.6,Montana
2021-06-01,3.6,Montana
2021-07-01,3.5,Montana
2021-08-01,3.4,Montana
2021-09-01,3.2,Montana
2021-10-01,3.0,Montana
2021-11-01,2.9,Montana
2021-12-01,2.9,Montana
2022-01-01,2.7,Montana
2022-02-01,2.6,Montana
2022-03-01,2.3,Montana
2022-04-01,2.3,Montana
2022-05-01,2.4,Montana
2022-06-01,2.6,Montana
2022-07-01,2.7,Montana
2022-08-01,2.8,Montana
2022-09-01,2.9,Montana
2022-10-01,3.0,Montana
2022-11-01,2.9,Montana
2022-12-01,2.8,Montana
2019-01-01,3.0,Nebraska
2019-02-01,3.0,Nebraska
2019-03-01,3.0,Nebraska
2019-04-01,2.9,Nebraska
2019-05-01,2.9,Nebraska
2019-06-01,3.0,Nebraska
2019-07-01,3.1,Nebraska
2019-08-01,3.1,Nebraska
2019-09-01,3.2,Nebraska
2019-10-01,3.2,Nebraska
2019-11-01,3.1,Nebraska
2019-12-01,3.1,Nebraska
2020-01-01,3.0,Nebraska
2020-02-01,3.0,Nebraska
2020-03-01,4.3,Nebraska
2020-04-01,8.2,Nebraska
2020-05-01,6.3,Nebraska
2020-06-01,5.1,Nebraska
2020-07-01,4.4,Nebraska
2020-08-01,3.7,Nebraska
2020-09-01,3.3,Nebraska
2020-10-01,2.9,Nebraska
2020-11-01,2.8,Nebraska
2020-12-01,2.8,Nebraska
2021-01-01,2.7,Nebraska
2021-02-01,2.7,Nebraska
2021-03-01,2.6,Nebraska
2021-04-01,2.6,Nebraska
2021-05-01,2.5,Nebraska
2021-06-01,2.5,Nebraska
2021-07-01,2.5,Nebraska
2021-08-01,2.5,Nebraska
2021-09-01,2.5,Nebraska
2021-10-01,2.4,Nebraska
2021-11-01,2.4,Nebraska
2021-12-01,2.3,Nebraska
2022-01-01,2.2,Nebraska
2022-02-01,2.1,Nebraska
2022-03-01,2.0,Nebraska
2022-04-01,1.9,Nebraska
2022-05-01,1.9,Nebraska
2022-06-01,1.9,Nebraska
2022-07-01,2.0,Nebraska
2022-08-01,2.1,Nebraska
2022-09-01,2.2,Nebraska
2022-10-01,2.4,Nebraska
2022-11-01,2.5,Nebraska
2022-12-01,2.6,Nebraska
2019-01-01,4.5,Nevada
2019-02-01,4.5,Nevada
2019-03-01,4.4,Nevada
2019-04-01,4.2,Nevada
2019-05-01,3.9,Nevada
2019-06-01,3.7,Nevada
2019-07-01,3.7,Nevada
2019-08-01,3.7,Nevada
2019-09-01,3.8,Nevada
2019-10-01,3.9,Nevada
2019-11-01,3.9,Nevada
2019-12-01,3.8,Nevada
2020-01-01,3.8,Nevada
2020-02-01,4.0,Nevada
2020-03-01,8.0,Nevada
2020-04-01,28.5,Nevada
2020-05-01,23.4,Nevada
2020-06-01,18.5,Nevada
2020-07-01,16.8,Nevada
2020-08-01,14.7,Nevada
2020-09-01,13.6,Nevada
2020-10-01,12.1,Nevada
2020-11-01,11.2,Nevada
2020-12-01,10.8,Nevada
2021-01-01,10.2,Nevada
2021-02-01,9.8,Nevada
2021-03-01,9.2,Nevada
2021-04-01,8.6,Nevada
2021-05-01,7.8,Nevada
2021-06-01,7.2,Nevada
2021-07-01,6.6,Nevada
2021-08-01,6.0,Nevada
2021-09-01,5.6,Nevada
2021-10-01,5.4,Nevada
2021-11-01,5.3,Nevada
2021-12-01,5.3,Nevada
2022-01-01,5.2,Nevada
2022-02-01,5.1,Nevada
2022-03-01,5.0,Nevada
2022-04-01,5.0,Nevada
2022-05-01,4.9,Nevada
2022-06-01,4.7,Nevada
2022-07-01,4.4,Nevada
2022-08-01,4.4,Nevada
2022-09-01,4.4,Nevada
2022-10-01,4.6,Nevada
2022-11-01,4.9,Nevada
2022-12-01,5.2,Nevada
2019-01-01,2.6,New Hampshire
2019-02-01,2.6,New Hampshire
2019-03-01,2.5,New Hampshire
2019-04-01,2.5,New Hampshire
2019-05-01,2.5,New Hampshire
2019-06-01,2.6,New Hampshire
2019-07-01,2.6,New Hampshire
2019-08-01,2.6,New Hampshire
2019-09-01,2.7,New Hampshire
2019-10-01,2.7,New Hampshire
2019-11-01,2.7,New Hampshire
2019-12-01,2.7,New Hampshire
2020-01-01,2.7,New Hampshire
2020-02-01,2.7,New Hampshire
2020-03-01,2.6,New Hampshire
2020-04-01,16.2,New Hampshire
2020-05-01,11.8,New Hampshire
2020-06-01,9.7,New Hampshire
2020-07-01,8.3,New Hampshire
2020-08-01,6.8,New Hampshire
2020-09-01,6.1,New Hampshire
2020-10-01,5.2,New Hampshire
2020-11-01,4.8,New Hampshire
2020-12-01,4.5,New Hampshire
2021-01-01,4.2,New Hampshire
2021-02-01,4.0,New Hampshire
2021-03-01,3.9,New Hampshire
2021-04-01,3.8,New Hampshire
2021-05-01,3.7,New Hampshire
2021-06-01,3.6,New Hampshire
2021-07-01,3.5,New Hampshire
2021-08-01,3.4,New Hampshire
2021-09-01,3.2,New Hampshire
2021-10-01,3.1,New Hampshire
2021-11-01,3.0,New Hampshire
2021-12-01,3.0,New Hampshire
2022-01-01,2.9,New Hampshire
2022-02-01,2.7,New Hampshire
2022-03-01,2.4,New Hampshire
2022-04-01,2.3,New Hampshire
2022-05-01,2.1,New Hampshire
2022-06-01,2.0,New Hampshire
2022-07-01,2.0,New Hampshire
2022-08-01,2.0,New Hampshire
2022-09-01,2.2,New Hampshire
2022-10-01,2.4,New Hampshire
2022-11-01,2.6,New Hampshire
2022-12-01,2.7,New Hampshire
2019-01-01,3.5,New Jersey
2019-02-01,3.4,New Jersey
2019-03-01,3.3,New Jersey
2019-04-01,3.2,New Jersey
2019-05-01,3.2,New Jersey
2019-06-01,3.2,New Jersey
2019-07-01,3.3,New Jersey
2019-08-01,3.4,New Jersey
2019-09-01,3.5,New Jersey
2019-10-01,3.5,New Jersey
2019-11-01,3.6,New Jersey
2019-12-01,3.6,New Jersey
2020-01-01,3.5,New Jersey
2020-02-01,3.5,New Jersey
2020-03-01,3.3,New Jersey
2020-04-01,15.5,New Jersey
2020-05-01,15.8,New Jersey
2020-06-01,14.5,New Jersey
2020-07-01,14.3,New Jersey
2020-08-01,12.8,New Jersey
2020-09-01,8.3,New Jersey
2020-10-01,7.5,New Jersey
2020-11-01,7.5,New Jersey
2020-12-01,7.4,New Jersey
2021-01-01,7.3,New Jersey
2021-02-01,7.2,New Jersey
2021-03-01,6.9,New Jersey
2021-04-01,7.0,New Jersey
2021-05-01,6.6,New Jersey
2021-06-01,7.1,New Jersey
2021-07-01,6.6,New Jersey
2021-08-01,6.5,New Jersey
2021-09-01,5.8,New Jersey
2021-10-01,5.5,New Jersey
2021-11-01,5.1,New Jersey
2021-12-01,5.1,New Jersey
2022-01-01,5.1,New Jersey
2022-02-01,4.6,New Jersey
2022-03-01,4.2,New Jersey
2022-04-01,4.1,New Jersey
2022-05-01,3.9,New Jersey
2022-06-01,3.9,New Jersey
2022-07-01,3.7,New Jersey
2022-08-01,4.0,New Jersey
2022-09-01,3.3,New Jersey
2022-10-01,3.4,New Jersey
2022-11-01,3.4,New Jersey
2022-12-01,3.4,New Jersey
2019-01-01,5.2,New Mexico
2019-02-01,5.2,New Mexico
2019-03-01,5.1,New Mexico
2019-04-01,5.0,New Mexico
2019-05-01,4.9,New Mexico
2019-06-01,4.9,New Mexico
2019-07-01,4.8,New Mexico
2019-08-01,4.7,New Mexico
2019-09-01,4.7,New Mexico
2019-10-01,4.8,New Mexico
2019-11-01,4.9,New Mexico
2019-12-01,5.1,New Mexico
2020-01-01,5.2,New Mexico
2020-02-01,5.4,New Mexico
2020-03-01,6.1,New Mexico
2020-04-01,9.5,New Mexico
2020-05-01,9.8,New Mexico
2020-06-01,9.5,New Mexico
2020-07-01,9.6,New Mexico
2020-08-01,9.3,New Mexico
2020-09-01,8.8,New Mexico
2020-10-01,8.4,New Mexico
2020-11-01,8.0,New Mexico
2020-12-01,7.9,New Mexico
2021-01-01,7.4,New Mexico
2021-02-01,7.3,New Mexico
2021-03-01,7.2,New Mexico
2021-04-01,7.3,New Mexico
2021-05-01,7.2,New Mexico
2021-06-01,7.3,New Mexico
2021-07-01,7.0,New Mexico
2021-08-01,6.8,New Mexico
2021-09-01,6.2,New Mexico
2021-10-01,6.1,New Mexico
2021-11-01,6.0,New Mexico
2021-12-01,5.9,New Mexico
2022-01-01,5.9,New Mexico
2022-02-01,5.6,New Mexico
2022-03-01,5.3,New Mexico
2022-04-01,5.3,New Mexico
2022-05-01,5.1,New Mexico
2022-06-01,4.9,New Mexico
2022-07-01,4.5,New Mexico
2022-08-01,4.4,New Mexico
2022-09-01,4.2,New Mexico
2022-10-01,4.3,New Mexico
2022-11-01,4.1,New Mexico
2022-12-01,3.9,New Mexico
2019-01-01,3.9,New York
2019-02-01,3.9,New York
2019-03-01,3.8,New York
2019-04-01,3.7,New York
2019-05-01,3.7,New York
2019-06-01,3.7,New York
2019-07-01,3.8,New York
2019-08-01,3.8,New York
2019-09-01,3.9,New York
2019-10-01,3.9,New York
2019-11-01,3.9,New York
2019-12-01,3.9,New York
2020-01-01,3.9,New York
2020-02-01,3.9,New York
2020-03-01,3.9,New York
2020-04-01,16.2,New York
2020-05-01,16.5,New York
2020-06-01,13.7,New York
2020-07-01,12.7,New York
2020-08-01,11.0,New York
2020-09-01,10.3,New York
2020-10-01,9.3,New York
2020-11-01,9.1,New York
2020-12-01,8.8,New York
2021-01-01,8.6,New York
2021-02-01,8.4,New York
2021-03-01,7.9,New York
2021-04-01,7.8,New York
2021-05-01,7.4,New York
2021-06-01,7.4,New York
2021-07-01,6.9,New York
2021-08-01,6.6,New York
2021-09-01,6.0,New York
2021-10-01,5.7,New York
2021-11-01,5.4,New York
2021-12-01,5.4,New York
2022-01-01,5.3,New York
2022-02-01,4.9,New York
2022-03-01,4.6,New York
2022-04-01,4.5,New York
2022-05-01,4.4,New York
2022-06-01,4.4,New York
2022-07-01,4.3,New York
2022-08-01,4.7,New York
2022-09-01,4.3,New York
2022-10-01,4.3,New York
2022-11-01,4.3,New York
2022-12-01,4.3,New York
2019-01-01,3.9,North Carolina
2019-02-01,3.9,North Carolina
2019-03-01,3.8,North Carolina
2019-04-01,3.7,North Carolina
2019-05-01,3.8,North Carolina
2019-06-01,3.8,North Carolina
2019-07-01,3.9,North Carolina
2019-08-01,3.9,North Carolina
2019-09-01,3.9,North Carolina
2019-10-01,3.9,North Carolina
2019-11-01,3.8,North Carolina
2019-12-01,3.8,North Carolina
2020-01-01,3.7,North Carolina
2020-02-01,3.7,North Carolina
2020-03-01,3.9,North Carolina
2020-04-01,14.2,North Carolina
2020-05-01,11.5,North Carolina
2020-06-01,9.6,North Carolina
2020-07-01,8.6,North Carolina
2020-08-01,7.2,North Carolina
2020-09-01,6.5,North Carolina
2020-10-01,5.8,North Carolina
2020-11-01,5.6,North Carolina
2020-12-01,5.6,North Carolina
2021-01-01,5.5,North Carolina
2021-02-01,5.4,North Carolina
2021-03-01,5.2,North Carolina
2021-04-01,5.1,North Carolina
2021-05-01,5.0,North Carolina
2021-06-01,5.0,North Carolina
2021-07-01,4.9,North Carolina
2021-08-01,4.8,North Carolina
2021-09-01,4.5,North Carolina
2021-10-01,4.4,North Carolina
2021-11-01,4.2,North Carolina
2021-12-01,4.1,North Carolina
2022-01-01,3.9,North Carolina
2022-02-01,3.7,North Carolina
2022-03-01,3.5,North Carolina
2022-04-01,3.4,North Carolina
2022-05-01,3.4,North Carolina
2022-06-01,3.4,North Carolina
2022-07-01,3.4,North Carolina
2022-08-01,3.5,North Carolina
2022-09-01,3.6,North Carolina
2022-10-01,3.8,North Carolina
2022-11-01,3.9,North Carolina
2022-12-01,3.9,North Carolina
2019-01-01,2.3,North Dakota
2019-02-01,2.3,North Dakota
2019-03-01,2.2,North Dakota
2019-04-01,2.2,North Dakota
2019-05-01,2.1,North Dakota
2019-06-01,2.0,North Dakota
2019-07-01,2.0,North Dakota
2019-08-01,2.0,North Dakota
2019-09-01,2.1,North Dakota
2019-10-01,2.1,North Dakota
2019-11-01,2.0,North Dakota
2019-12-01,2.0,North Dakota
2020-01-01,2.1,North Dakota
2020-02-01,2.2,North Dakota
2020-03-01,2.5,North Dakota
2020-04-01,8.3,North Dakota
2020-05-01,7.0,North Dakota
2020-06-01,6.4,North Dakota
2020-07-01,6.2,North Dakota
2020-08-01,5.8,North Dakota
2020-09-01,5.6,North Dakota
2020-10-01,5.3,North Dakota
2020-11-01,5.1,North Dakota
2020-12-01,5.0,North Dakota
2021-01-01,4.7,North Dakota
2021-02-01,4.5,North Dakota
2021-03-01,4.3,North Dakota
2021-04-01,4.0,North Dakota
2021-05-01,3.8,North Dakota
2021-06-01,3.6,North Dakota
2021-07-01,3.4,North Dakota
2021-08-01,3.3,North Dakota
2021-09-01,3.2,North Dakota
2021-10-01,3.2,North Dakota
2021-11-01,3.1,North Dakota
2021-12-01,3.1,North Dakota
2022-01-01,3.1,North Dakota
2022-02-01,2.9,North Dakota
2022-03-01,2.9,North Dakota
2022-04-01,2.8,North Dakota
2022-05-01,2.6,North Dakota
2022-06-01,2.5,North Dakota
2022-07-01,2.3,North Dakota
2022-08-01,2.3,North Dakota
2022-09-01,2.2,North Dakota
2022-10-01,2.3,North Dakota
2022-11-01,2.3,North Dakota
2022-12-01,2.3,North Dakota
2019-01-01,4.4,Ohio
2019-02-01,4.2,Ohio
2019-03-01,4.1,Ohio
2019-04-01,4.0,Ohio
2019-05-01,3.9,Ohio
2019-06-01,4.0,Ohio
2019-07-01,4.1,Ohio
2019-08-01,4.2,Ohio
2019-09-01,4.3,Ohio
2019-10-01,4.3,Ohio
2019-11-01,4.3,Ohio
2019-12-01,4.4,Ohio
2020-01-01,4.5,Ohio
2020-02-01,4.6,Ohio
2020-03-01,4.8,Ohio
2020-04-01,16.4,Ohio
2020-05-01,12.7,Ohio
2020-06-01,11.0,Ohio
2020-07-01,9.9,Ohio
2020-08-01,8.4,Ohio
2020-09-01,7.6,Ohio
2020-10-01,6.8,Ohio
2020-11-01,6.5,Ohio
2020-12-01,6.2,Ohio
2021-01-01,6.0,Ohio
2021-02-01,5.8,Ohio
2021-03-01,5.7,Ohio
2021-04-01,5.6,Ohio
2021-05-01,5.4,Ohio
2021-06-01,5.3,Ohio
2021-07-01,5.1,Ohio
2021-08-01,4.9,Ohio
2021-09-01,4.7,Ohio
2021-10-01,4.5,Ohio
2021-11-01,4.5,Ohio
2021-12-01,4.5,Ohio
2022-01-01,4.3,Ohio
2022-02-01,4.2,Ohio
2022-03-01,4.1,Ohio
2022-04-01,4.0,Ohio
2022-05-01,3.9,Ohio
2022-06-01,3.9,Ohio
2022-07-01,3.9,Ohio
2022-08-01,4.0,Ohio
2022-09-01,4.0,Ohio
2022-10-01,4.2,Ohio
2022-11-01,4.2,Ohio
2022-12-01,4.2,Ohio
2019-01-01,3.2,Oklahoma
2019-02-01,3.1,Oklahoma
2019-03-01,3.1,Oklahoma
2019-04-01,3.0,Oklahoma
2019-05-01,3.0,Oklahoma
2019-06-01,3.0,Oklahoma
2019-07-01,3.1,Oklahoma
2019-08-01,3.2,Oklahoma
2019-09-01,3.2,Oklahoma
2019-10-01,3.2,Oklahoma
2019-11-01,3.1,Oklahoma
2019-12-01,3.1,Oklahoma
2020-01-01,3.1,Oklahoma
2020-02-01,3.2,Oklahoma
2020-03-01,3.2,Oklahoma
2020-04-01,12.6,Oklahoma
2020-05-01,9.7,Oklahoma
2020-06-01,8.0,Oklahoma
2020-07-01,7.2,Oklahoma
2020-08-01,6.2,Oklahoma
2020-09-01,5.8,Oklahoma
2020-10-01,5.4,Oklahoma
2020-11-01,5.3,Oklahoma
2020-12-01,5.2,Oklahoma
2021-01-01,5.0,Oklahoma
2021-02-01,4.8,Oklahoma
2021-03-01,4.7,Oklahoma
2021-04-01,4.5,Oklahoma
2021-05-01,4.4,Oklahoma
2021-06-01,4.2,Oklahoma
2021-07-01,3.9,Oklahoma
2021-08-01,3.5,Oklahoma
2021-09-01,3.2,Oklahoma
2021-10-01,2.9,Oklahoma
2021-11-01,2.8,Oklahoma
2021-12-01,2.8,Oklahoma
2022-01-01,2.7,Oklahoma
2022-02-01,2.6,Oklahoma
2022-03-01,2.7,Oklahoma
2022-04-01,2.7,Oklahoma
2022-05-01,2.8,Oklahoma
2022-06-01,2.9,Oklahoma
2022-07-01,2.9,Oklahoma
2022-08-01,3.1,Oklahoma
2022-09-01,3.2,Oklahoma
2022-10-01,3.4,Oklahoma
2022-11-01,3.4,Oklahoma
2022-12-01,3.4,Oklahoma
2019-01-01,4.2,Oregon
2019-02-01,4.0,Oregon
2019-03-01,3.9,Oregon
2019-04-01,3.8,Oregon
2019-05-01,3.8,Oregon
2019-06-01,3.7,Oregon
2019-07-01,3.7,Oregon
2019-08-01,3.7,Oregon
2019-09-01,3.6,Oregon
2019-10-01,3.5,Oregon
2019-11-01,3.4,Oregon
2019-12-01,3.4,Oregon
2020-01-01,3.4,Oregon
2020-02-01,3.4,Oregon
2020-03-01,3.5,Oregon
2020-04-01,13.3,Oregon
2020-05-01,12.2,Oregon
2020-06-01,10.5,Oregon
2020-07-01,9.5,Oregon
2020-08-01,8.1,Oregon
2020-09-01,7.5,Oregon
2020-10-01,6.8,Oregon
2020-11-01,6.6,Oregon
2020-12-01,6.6,Oregon
2021-01-01,6.4,Oregon
2021-02-01,6.2,Oregon
2021-03-01,6.1,Oregon
2021-04-01,5.9,Oregon
2021-05-01,5.6,Oregon
2021-06-01,5.4,Oregon
2021-07-01,5.1,Oregon
2021-08-01,4.9,Oregon
2021-09-01,4.5,Oregon
2021-10-01,4.4,Oregon
2021-11-01,4.2,Oregon
2021-12-01,4.2,Oregon
2022-01-01,4.2,Oregon
2022-02-01,4.0,Oregon
2022-03-01,3.8,Oregon
2022-04-01,3.7,Oregon
2022-05-01,3.5,Oregon
2022-06-01,3.5,Oregon
2022-07-01,3.5,Oregon
2022-08-01,3.7,Oregon
2022-09-01,3.8,Oregon
2022-10-01,4.1,Oregon
2022-11-01,4.3,Oregon
2022-12-01,4.5,Oregon
2019-01-01,4.4,Pennsylvania
2019-02-01,4.4,Pennsylvania
2019-03-01,4.4,Pennsylvania
2019-04-01,4.4,Pennsylvania
2019-05-01,4.3,Pennsylvania
2019-06-01,4.3,Pennsylvania
2019-07-01,4.4,Pennsylvania
2019-08-01,4.5,Pennsylvania
2019-09-01,4.5,Pennsylvania
2019-10-01,4.6,Pennsylvania
2019-11-01,4.6,Pennsylvania
2019-12-01,4.7,Pennsylvania
2020-01-01,4.8,Pennsylvania
2020-02-01,5.0,Pennsylvania
2020-03-01,5.2,Pennsylvania
2020-04-01,16.5,Pennsylvania
2020-05-01,13.1,Pennsylvania
2020-06-01,11.5,Pennsylvania
2020-07-01,10.6,Pennsylvania
2020-08-01,9.5,Pennsylvania
2020-09-01,8.9,Pennsylvania
2020-10-01,8.3,Pennsylvania
2020-11-01,8.0,Pennsylvania
2020-12-01,7.7,Pennsylvania
2021-01-01,7.5,Pennsylvania
2021-02-01,7.3,Pennsylvania
2021-03-01,7.1,Pennsylvania
2021-04-01,6.9,Pennsylvania
2021-05-01,6.7,Pennsylvania
2021-06-01,6.6,Pennsylvania
2021-07-01,6.4,Pennsylvania
2021-08-01,6.1,Pennsylvania
2021-09-01,5.8,Pennsylvania
2021-10-01,5.6,Pennsylvania
2021-11-01,5.5,Pennsylvania
2021-12-01,5.5,Pennsylvania
2022-01-01,5.4,Pennsylvania
2022-02-01,5.1,Pennsylvania
2022-03-01,4.9,Pennsylvania
2022-04-01,4.8,Pennsylvania
2022-05-01,4.6,Pennsylvania
2022-06-01,4.5,Pennsylvania
2022-07-01,4.3,Pennsylvania
2022-08-01,4.2,Pennsylvania
2022-09-01,4.1,Pennsylvania
2022-10-01,4.0,Pennsylvania
2022-11-01,4.0,Pennsylvania
2022-12-01,3.9,Pennsylvania
2019-01-01,3.8,Rhode Island
2019-02-01,3.6,Rhode Island
2019-03-01,3.5,Rhode Island
2019-04-01,3.4,Rhode Island
2019-05-01,3.4,Rhode Island
2019-06-01,3.5,Rhode Island
2019-07-01,3.6,Rhode Island
2019-08-01,3.6,Rhode Island
2019-09-01,3.6,Rhode Island
2019-10-01,3.6,Rhode Island
2019-11-01,3.5,Rhode Island
2019-12-01,3.6,Rhode Island
2020-01-01,3.6,Rhode Island
2020-02-01,3.7,Rhode Island
2020-03-01,3.6,Rhode Island
2020-04-01,18.4,Rhode Island
2020-05-01,15.6,Rhode Island
2020-06-01,13.5,Rhode Island
2020-07-01,12.2,Rhode Island
2020-08-01,10.2,Rhode Island
2020-09-01,9.6,Rhode Island
2020-10-01,6.9,Rhode Island
2020-11-01,6.8,Rhode Island
2020-12-01,6.7,Rhode Island
2021-01-01,6.3,Rhode Island
2021-02-01,6.1,Rhode Island
2021-03-01,6.0,Rhode Island
2021-04-01,6.1,Rhode Island
2021-05-01,6.0,Rhode Island
2021-06-01,6.2,Rhode Island
2021-07-01,6.0,Rhode Island
2021-08-01,5.8,Rhode Island
2021-09-01,5.4,Rhode Island
2021-10-01,5.0,Rhode Island
2021-11-01,4.7,Rhode Island
2021-12-01,4.5,Rhode Island
2022-01-01,4.2,Rhode Island
2022-02-01,3.9,Rhode Island
2022-03-01,3.4,Rhode Island
2022-04-01,3.2,Rhode Island
2022-05-01,2.9,Rhode Island
2022-06-01,2.7,Rhode Island
2022-07-01,2.7,Rhode Island
2022-08-01,2.8,Rhode Island
2022-09-01,3.1,Rhode Island
2022-10-01,3.4,Rhode Island
2022-11-01,3.6,Rhode Island
2022-12-01,3.5,Rhode Island
2019-01-01,3.2,South Carolina
2019-02-01,3.2,South Carolina
2019-03-01,3.2,South Carolina
2019-04-01,3.1,South Carolina
2019-05-01,2.9,South Carolina
2019-06-01,2.8,South Carolina
2019-07-01,2.6,South Carolina
2019-08-01,2.5,South Carolina
2019-09-01,2.4,South Carolina
2019-10-01,2.5,South Carolina
2019-11-01,2.5,South Carolina
2019-12-01,2.6,South Carolina
2020-01-01,2.8,South Carolina
2020-02-01,2.9,South Carolina
2020-03-01,3.0,South Carolina
2020-04-01,11.6,South Carolina
2020-05-01,9.1,South Carolina
2020-06-01,7.8,South Carolina
2020-07-01,7.2,South Carolina
2020-08-01,6.3,South Carolina
2020-09-01,5.9,South Carolina
2020-10-01,5.3,South Carolina
2020-11-01,5.1,South Carolina
2020-12-01,4.9,South Carolina
2021-01-01,4.6,South Carolina
2021-02-01,4.4,South Carolina
2021-03-01,4.3,South Carolina
2021-04-01,4.2,South Carolina
2021-05-01,4.1,South Carolina
2021-06-01,4.1,South Carolina
2021-07-01,4.0,South Carolina
2021-08-01,3.9,South Carolina
2021-09-01,3.8,South Carolina
2021-10-01,3.6,South Carolina
2021-11-01,3.6,South Carolina
2021-12-01,3.6,South Carolina
2022-01-01,3.5,South Carolina
2022-02-01,3.5,South Carolina
2022-03-01,3.4,South Carolina
2022-04-01,3.3,South Carolina
2022-05-01,3.3,South Carolina
2022-06-01,3.2,South Carolina
2022-07-01,3.2,South Carolina
2022-08-01,3.1,South Carolina
2022-09-01,3.2,South Carolina
2022-10-01,3.3,South Carolina
2022-11-01,3.3,South Carolina
2022-12-01,3.3,South Carolina
2019-01-01,2.8,South Dakota
2019-02-01,2.8,South Dakota
2019-03-01,2.8,South Dakota
2019-04-01,2.8,South Dakota
2019-05-01,2.8,South Dakota
2019-06-01,2.8,South Dakota
2019-07-01,2.9,South Dakota
2019-08-01,2.9,South Dakota
2019-09-01,2.8,South Dakota
2019-10-01,2.8,South Dakota
2019-11-01,2.7,South Dakota
2019-12-01,2.7,South Dakota
2020-01-01,2.7,South Dakota
2020-02-01,2.6,South Dakota
2020-03-01,2.5,South Dakota
2020-04-01,8.8,South Dakota
2020-05-01,6.6,South Dakota
2020-06-01,5.3,South Dakota
2020-07-01,4.8,South Dakota
2020-08-01,4.3,South Dakota
2020-09-01,4.0,South Dakota
2020-10-01,3.7,South Dakota
2020-11-01,3.6,South Dakota
2020-12-01,3.5,South Dakota
2021-01-01,3.3,South Dakota
2021-02-01,3.2,South Dakota
2021-03-01,3.2,South Dakota
2021-04-01,3.2,South Dakota
2021-05-01,3.2,South Dakota
2021-06-01,3.2,South Dakota
2021-07-01,3.2,South Dakota
2021-08-01,3.2,South Dakota
2021-09-01,3.1,South Dakota
2021-10-01,3.0,South Dakota
2021-11-01,2.9,South Dakota
2021-12-01,2.9,South Dakota
2022-01-01,2.8,South Dakota
2022-02-01,2.6,South Dakota
2022-03-01,2.5,South Dakota
2022-04-01,2.3,South Dakota
2022-05-01,2.3,South Dakota
2022-06-01,2.3,South Dakota
2022-07-01,2.3,South Dakota
2022-08-01,2.3,South Dakota
2022-09-01,2.3,South Dakota
2022-10-01,2.4,South Dakota
2022-11-01,2.4,South Dakota
2022-12-01,2.3,South Dakota
2019-01-01,3.5,Tennessee
2019-02-01,3.4,Tennessee
2019-03-01,3.4,Tennessee
2019-04-01,3.4,Tennessee
2019-05-01,3.3,Tennessee
2019-06-01,3.3,Tennessee
2019-07-01,3.3,Tennessee
2019-08-01,3.3,Tennessee
2019-09-01,3.4,Tennessee
2019-10-01,3.4,Tennessee
2019-11-01,3.5,Tennessee
2019-12-01,3.6,Tennessee
2020-01-01,3.6,Tennessee
2020-02-01,3.6,Tennessee
2020-03-01,3.6,Tennessee
2020-04-01,15.9,Tennessee
2020-05-01,12.1,Tennessee
2020-06-01,10.1,Tennessee
2020-07-01,8.8,Tennessee
2020-08-01,7.5,Tennessee
2020-09-01,6.9,Tennessee
2020-10-01,6.1,Tennessee
2020-11-01,5.7,Tennessee
2020-12-01,5.5,Tennessee
2021-01-01,5.2,Tennessee
2021-02-01,5.0,Tennessee
2021-03-01,4.9,Tennessee
2021-04-01,4.8,Tennessee
2021-05-01,4.6,Tennessee
2021-06-01,4.4,Tennessee
2021-07-01,4.2,Tennessee
2021-08-01,4.0,Tennessee
2021-09-01,3.8,Tennessee
2021-10-01,3.7,Tennessee
2021-11-01,3.6,Tennessee
2021-12-01,3.6,Tennessee
2022-01-01,3.5,Tennessee
2022-02-01,3.4,Tennessee
2022-03-01,3.2,Tennessee
2022-04-01,3.2,Tennessee
2022-05-01,3.3,Tennessee
2022-06-01,3.3,Tennessee
2022-07-01,3.3,Tennessee
2022-08-01,3.4,Tennessee
2022-09-01,3.4,Tennessee
2022-10-01,3.5,Tennessee
2022-11-01,3.5,Tennessee
2022-12-01,3.5,Tennessee
2019-01-01,3.7,Texas
2019-02-01,3.6,Texas
2019-03-01,3.5,Texas
2019-04-01,3.5,Texas
2019-05-01,3.4,Texas
2019-06-01,3.4,Texas
2019-07-01,3.5,Texas
2019-08-01,3.5,Texas
2019-09-01,3.6,Texas
2019-10-01,3.5,Texas
2019-11-01,3.5,Texas
2019-12-01,3.5,Texas
2020-01-01,3.4,Texas
2020-02-01,3.5,Texas
2020-03-01,5.1,Texas
2020-04-01,12.6,Texas
2020-05-01,11.8,Texas
2020-06-01,10.1,Texas
2020-07-01,9.3,Texas
2020-08-01,8.1,Texas
2020-09-01,7.7,Texas
2020-10-01,7.1,Texas
2020-11-01,6.9,Texas
2020-12-01,6.9,Texas
2021-01-01,6.7,Texas
2021-02-01,6.6,Texas
2021-03-01,6.4,Texas
2021-04-01,6.2,Texas
2021-05-01,5.9,Texas
2021-06-01,5.9,Texas
2021-07-01,5.6,Texas
2021-08-01,5.4,Texas
2021-09-01,5.1,Texas
2021-10-01,5.0,Texas
2021-11-01,4.9,Texas
2021-12-01,4.8,Texas
2022-01-01,4.8,Texas
2022-02-01,4.7,Texas
2022-03-01,4.4,Texas
2022-04-01,4.3,Texas
2022-05-01,4.2,Texas
2022-06-01,4.1,Texas
2022-07-01,4.0,Texas
2022-08-01,4.1,Texas
2022-09-01,4.0,Texas
2022-10-01,4.0,Texas
2022-11-01,4.0,Texas
2022-12-01,3.9,Texas
2019-01-01,2.8,Utah
2019-02-01,2.7,Utah
2019-03-01,2.7,Utah
2019-04-01,2.6,Utah
2019-05-01,2.6,Utah
2019-06-01,2.6,Utah
2019-07-01,2.5,Utah
2019-08-01,2.5,Utah
2019-09-01,2.5,Utah
2019-10-01,2.5,Utah
2019-11-01,2.5,Utah
2019-12-01,2.5,Utah
2020-01-01,2.5,Utah
2020-02-01,2.6,Utah
2020-03-01,2.5,Utah
2020-04-01,10.0,Utah
2020-05-01,7.6,Utah
2020-06-01,6.2,Utah
2020-07-01,5.4,Utah
2020-08-01,4.6,Utah
2020-09-01,4.3,Utah
2020-10-01,3.9,Utah
2020-11-01,3.7,Utah
2020-12-01,3.5,Utah
2021-01-01,3.3,Utah
2021-02-01,3.1,Utah
2021-03-01,3.0,Utah
2021-04-01,2.9,Utah
2021-05-01,2.8,Utah
2021-06-01,2.8,Utah
2021-07-01,2.7,Utah
2021-08-01,2.6,Utah
2021-09-01,2.5,Utah
2021-10-01,2.3,Utah
2021-11-01,2.3,Utah
2021-12-01,2.3,Utah
2022-01-01,2.2,Utah
2022-02-01,2.1,Utah
2022-03-01,2.0,Utah
2022-04-01,1.9,Utah
2022-05-01,2.0,Utah
2022-06-01,2.0,Utah
2022-07-01,2.0,Utah
2022-08-01,2.0,Utah
2022-09-01,2.1,Utah
2022-10-01,2.1,Utah
2022-11-01,2.2,Utah
2022-12-01,2.2,Utah
2019-01-01,2.2,Vermont
2019-02-01,2.2,Vermont
2019-03-01,2.1,Vermont
2019-04-01,2.1,Vermont
2019-05-01,2.1,Vermont
2019-06-01,2.2,Vermont
2019-07-01,2.3,Vermont
2019-08-01,2.4,Vermont
2019-09-01,2.5,Vermont
2019-10-01,2.6,Vermont
2019-11-01,2.6,Vermont
2019-12-01,2.6,Vermont
2020-01-01,2.5,Vermont
2020-02-01,2.6,Vermont
2020-03-01,2.7,Vermont
2020-04-01,14.3,Vermont
2020-05-01,9.5,Vermont
2020-06-01,7.6,Vermont
2020-07-01,6.4,Vermont
2020-08-01,5.1,Vermont
2020-09-01,4.5,Vermont
2020-10-01,4.0,Vermont
2020-11-01,3.8,Vermont
2020-12-01,3.8,Vermont
2021-01-01,3.9,Vermont
2021-02-01,3.9,Vermont
2021-03-01,3.8,Vermont
2021-04-01,3.7,Vermont
2021-05-01,3.6,Vermont
2021-06-01,3.5,Vermont
2021-07-01,3.3,Vermont
2021-08-01,3.2,Vermont
2021-09-01,3.2,Vermont
2021-10-01,3.1,Vermont
2021-11-01,3.1,Vermont
2021-12-01,3.1,Vermont
2022-01-01,3.0,Vermont
2022-02-01,2.9,Vermont
2022-03-01,2.6,Vermont
2022-04-01,2.5,Vermont
2022-05-01,2.3,Vermont
2022-06-01,2.2,Vermont
2022-07-01,2.1,Vermont
2022-08-01,2.1,Vermont
2022-09-01,2.1,Vermont
2022-10-01,2.3,Vermont
2022-11-01,2.5,Vermont
2022-12-01,2.6,Vermont
2019-01-01,3.0,Virginia
2019-02-01,3.0,Virginia
2019-03-01,3.0,Virginia
2019-04-01,2.8,Virginia
2019-05-01,2.7,Virginia
2019-06-01,2.6,Virginia
2019-07-01,2.6,Virginia
2019-08-01,2.6,Virginia
2019-09-01,2.6,Virginia
2019-10-01,2.7,Virginia
2019-11-01,2.7,Virginia
2019-12-01,2.7,Virginia
2020-01-01,2.6,Virginia
2020-02-01,2.7,Virginia
2020-03-01,2.9,Virginia
2020-04-01,11.6,Virginia
2020-05-01,9.6,Virginia
2020-06-01,8.5,Virginia
2020-07-01,7.9,Virginia
2020-08-01,7.0,Virginia
2020-09-01,6.3,Virginia
2020-10-01,5.6,Virginia
2020-11-01,5.2,Virginia
2020-12-01,5.0,Virginia
2021-01-01,4.8,Virginia
2021-02-01,4.6,Virginia
2021-03-01,4.5,Virginia
2021-04-01,4.3,Virginia
2021-05-01,4.1,Virginia
2021-06-01,4.0,Virginia
2021-07-01,3.8,Virginia
2021-08-01,3.6,Virginia
2021-09-01,3.4,Virginia
2021-10-01,3.4,Virginia
2021-11-01,3.3,Virginia
2021-12-01,3.3,Virginia
2022-01-01,3.3,Virginia
2022-02-01,3.2,Virginia
2022-03-01,3.0,Virginia
2022-04-01,3.0,Virginia
2022-05-01,3.0,Virginia
2022-06-01,2.8,Virginia
2022-07-01,2.7,Virginia
2022-08-01,2.6,Virginia
2022-09-01,2.6,Virginia
2022-10-01,2.7,Virginia
2022-11-01,2.8,Virginia
2022-12-01,3.0,Virginia
2019-01-01,4.7,Washington
2019-02-01,4.6,Washington
2019-03-01,4.6,Washington
2019-04-01,4.5,Washington
2019-05-01,4.3,Washington
2019-06-01,4.3,Washington
2019-07-01,4.2,Washington
2019-08-01,4.2,Washington
2019-09-01,4.2,Washington
2019-10-01,4.1,Washington
2019-11-01,4.0,Washington
2019-12-01,3.9,Washington
2020-01-01,3.9,Washington
2020-02-01,3.9,Washington
2020-03-01,5.3,Washington
2020-04-01,16.8,Washington
2020-05-01,13.2,Washington
2020-06-01,11.4,Washington
2020-07-01,10.2,Washington
2020-08-01,8.7,Washington
2020-09-01,7.9,Washington
2020-10-01,7.1,Washington
2020-11-01,6.7,Washington
2020-12-01,6.5,Washington
2021-01-01,6.3,Washington
2021-02-01,6.1,Washington
2021-03-01,5.8,Washington
2021-04-01,5.7,Washington
2021-05-01,5.5,Washington
2021-06-01,5.4,Washington
2021-07-01,5.2,Washington
2021-08-01,5.0,Washington
2021-09-01,4.8,Washington
2021-10-01,4.6,Washington
2021-11-01,4.5,Washington
2021-12-01,4.5,Washington
2022-01-01,4.4,Washington
2022-02-01,4.3,Washington
2022-03-01,4.1,Washington
2022-04-01,4.1,Washington
2022-05-01,3.9,Washington
2022-06-01,3.8,Washington
2022-07-01,3.7,Washington
2022-08-01,3.7,Washington
2022-09-01,3.7,Washington
2022-10-01,3.8,Washington
2022-11-01,4.0,Washington
2022-12-01,4.2,Washington
2019-01-01,5.0,West Virginia
2019-02-01,4.9,West Virginia
2019-03-01,4.8,West Virginia
2019-04-01,4.8,West Virginia
2019-05-01,4.7,West Virginia
2019-06-01,4.8,West Virginia
2019-07-01,4.9,West Virginia
2019-08-01,4.9,West Virginia
2019-09-01,5.0,West Virginia
2019-10-01,5.0,West Virginia
2019-11-01,5.0,West Virginia
2019-12-01,5.0,West Virginia
2020-01-01,5.1,West Virginia
2020-02-01,5.1,West Virginia
2020-03-01,5.2,West Virginia
2020-04-01,15.5,West Virginia
2020-05-01,12.2,West Virginia
2020-06-01,10.4,West Virginia
2020-07-01,9.4,West Virginia
2020-08-01,8.3,West Virginia
2020-09-01,7.6,West Virginia
2020-10-01,6.9,West Virginia
2020-11-01,6.5,West Virginia
2020-12-01,6.2,West Virginia
2021-01-01,5.9,West Virginia
2021-02-01,5.8,West Virginia
2021-03-01,5.6,West Virginia
2021-04-01,5.5,West Virginia
2021-05-01,5.4,West Virginia
2021-06-01,5.3,West Virginia
2021-07-01,5.1,West Virginia
2021-08-01,4.8,West Virginia
2021-09-01,4.6,West Virginia
2021-10-01,4.3,West Virginia
2021-11-01,4.3,West Virginia
2021-12-01,4.3,West Virginia
2022-01-01,4.1,West Virginia
2022-02-01,3.9,West Virginia
2022-03-01,3.7,West Virginia
2022-04-01,3.6,West Virginia
2022-05-01,3.5,West Virginia
2022-06-01,3.6,West Virginia
2022-07-01,3.7,West Virginia
2022-08-01,3.9,West Virginia
2022-09-01,4.0,West Virginia
2022-10-01,4.0,West Virginia
2022-11-01,4.1,West Virginia
2022-12-01,4.1,West Virginia
2019-01-01,3.0,Wisconsin
2019-02-01,3.0,Wisconsin
2019-03-01,3.1,Wisconsin
2019-04-01,3.1,Wisconsin
2019-05-01,3.2,Wisconsin
2019-06-01,3.2,Wisconsin
2019-07-01,3.3,Wisconsin
2019-08-01,3.3,Wisconsin
2019-09-01,3.3,Wisconsin
2019-10-01,3.3,Wisconsin
2019-11-01,3.2,Wisconsin
2019-12-01,3.2,Wisconsin
2020-01-01,3.1,Wisconsin
2020-02-01,3.0,Wisconsin
2020-03-01,2.9,Wisconsin
2020-04-01,14.1,Wisconsin
2020-05-01,10.4,Wisconsin
2020-06-01,8.6,Wisconsin
2020-07-01,7.6,Wisconsin
2020-08-01,6.2,Wisconsin
2020-09-01,5.7,Wisconsin
2020-10-01,5.0,Wisconsin
2020-11-01,4.8,Wisconsin
2020-12-01,4.7,Wisconsin
2021-01-01,4.5,Wisconsin
2021-02-01,4.4,Wisconsin
2021-03-01,4.3,Wisconsin
2021-04-01,4.3,Wisconsin
2021-05-01,4.1,Wisconsin
2021-06-01,4.0,Wisconsin
2021-07-01,3.8,Wisconsin
2021-08-01,3.6,Wisconsin
2021-09-01,3.4,Wisconsin
2021-10-01,3.2,Wisconsin
2021-11-01,3.1,Wisconsin
2021-12-01,3.1,Wisconsin
2022-01-01,3.0,Wisconsin
2022-02-01,2.9,Wisconsin
2022-03-01,2.8,Wisconsin
2022-04-01,2.8,Wisconsin
2022-05-01,2.9,Wisconsin
2022-06-01,2.9,Wisconsin
2022-07-01,3.0,Wisconsin
2022-08-01,3.1,Wisconsin
2022-09-01,3.2,Wisconsin
2022-10-01,3.3,Wisconsin
2022-11-01,3.3,Wisconsin
2022-12-01,3.2,Wisconsin
2019-01-01,3.7,Wyoming
2019-02-01,3.5,Wyoming
2019-03-01,3.4,Wyoming
2019-04-01,3.3,Wyoming
2019-05-01,3.4,Wyoming
2019-06-01,3.5,Wyoming
2019-07-01,3.7,Wyoming
2019-08-01,3.8,Wyoming
2019-09-01,4.0,Wyoming
2019-10-01,4.1,Wyoming
2019-11-01,4.2,Wyoming
2019-12-01,4.4,Wyoming
2020-01-01,4.7,Wyoming
2020-02-01,4.9,Wyoming
2020-03-01,5.2,Wyoming
2020-04-01,5.4,Wyoming
2020-05-01,8.6,Wyoming
2020-06-01,7.2,Wyoming
2020-07-01,6.6,Wyoming
2020-08-01,5.9,Wyoming
2020-09-01,5.6,Wyoming
2020-10-01,5.3,Wyoming
2020-11-01,5.2,Wyoming
2020-12-01,5.1,Wyoming
2021-01-01,5.1,Wyoming
2021-02-01,5.0,Wyoming
2021-03-01,5.0,Wyoming
2021-04-01,4.8,Wyoming
2021-05-01,4.7,Wyoming
2021-06-01,4.6,Wyoming
2021-07-01,4.5,Wyoming
2021-08-01,4.3,Wyoming
2021-09-01,4.2,Wyoming
2021-10-01,4.0,Wyoming
2021-11-01,4.0,Wyoming
2021-12-01,4.0,Wyoming
2022-01-01,3.8,Wyoming
2022-02-01,3.6,Wyoming
2022-03-01,3.4,Wyoming
2022-04-01,3.3,Wyoming
2022-05-01,3.2,Wyoming
2022-06-01,3.1,Wyoming
2022-07-01,3.0,Wyoming
2022-08-01,3.1,Wyoming
2022-09-01,3.3,Wyoming
2022-10-01,3.5,Wyoming
2022-11-01,3.6,Wyoming
2022-12-01,3.7,Wyoming
